latitude,longitude
28.568238,77.219666
28.541995,77.260583
28.571189,77.259806
28.588991,77.25324
28.549427,77.254636
28.626722,77.065972
28.510291,77.171653
28.510291,77.171653
28.5224856,77.0892318
28.5224856,77.0892318
28.544785,77.121449
28.55476,77.08831
28.55476,77.08831
28.6453,77.2126
28.6427,77.2247
28.6471,77.3158
28.6573,77.3024
28.6573,77.3024
28.6553,77.2979
28.6553,77.2979
28.6553,77.2979
28.6553,77.2979
28.6215,77.2935
28.6215,77.2935
28.6605745,77.1532531
28.6965847,77.2116941
28.600324,77.226883
28.600735,77.226277
28.588117,77.217564
28.580532,77.221048
28.584365,77.22054
28.577259,77.19692
28.585298,77.191008
28.601809,77.186432
28.633733,77.22353
28.632973,77.222937
28.630256,77.225668
28.63363,77.221949
28.633867,77.22191
28.6001517,77.2157617
28.631584,77.2219
28.634422,77.220852
28.633841,77.217664
28.634388,77.221038
28.63491,77.219522
28.621724,77.219286
28.633614,77.207691
28.624419,77.213718
28.600234,77.2135299
28.601118,77.2136033
28.59031055,77.2201632
28.585367,77.17755
28.572793,77.208662
28.572793,77.208662
28.572793,77.208662
28.572793,77.208662
28.622656,77.210994
28.62203994,77.19486661
28.583518,77.222057
28.586638,77.193352
28.61817712,77.21258998
28.61817712,77.21258998
28.61817712,77.21258998
28.61817712,77.21258998
28.63388,77.221078
28.63388,77.221078
28.634137,77.220382
28.628528,77.21946
28.634371,77.2195
28.63242,77.218068
28.631121,77.221654
28.626695,77.231943
28.617517,77.213919
28.6285,77.217046
28.577999,77.209521
28.627546,77.219769
28.62575342,77.19453
28.63407,77.217683
28.585492,77.191634
28.55667773,77.2326006
28.55667773,77.2326006
28.55667773,77.2326006
28.55667773,77.2326006
28.558938,77.19631
28.546273,77.19711
28.55205918,77.20325422
28.547217,77.244324
28.547217,77.244324
28.558244,77.16444
28.56793,77.242612
28.58107736,77.22719863
28.58107736,77.22719863
28.58107736,77.22719863
28.58107736,77.22719863
28.569119,77.244011
28.59566102,77.18169261
28.59566102,77.18169261
28.59566102,77.18169261
28.59211693,77.04188313
28.59211693,77.04188313
28.59211693,77.04188313
28.59193441,77.05855004
28.59193441,77.05855004
28.59193441,77.05855004
28.610622,77.094787
28.610622,77.094787
28.610622,77.094787
28.610622,77.094787
28.5697722,77.2485642
28.5697722,77.2485642
28.5697722,77.2485642
28.53550427,77.29138121
28.53550427,77.29138121
28.53550427,77.29138121
28.53550427,77.29138121
28.5476707,77.2507293
28.5476707,77.2507293
28.5476707,77.2507293
28.5476707,77.2507293
28.55446993,77.19563012
28.55446993,77.19563012
28.55446993,77.19563012
28.55446993,77.19563012
28.5791538,77.188127
28.5791538,77.188127
28.5791538,77.188127
28.5791538,77.188127
28.6400192,77.2562301
28.6400192,77.2562301
28.6400192,77.2562301
28.6400192,77.2562301
28.6400192,77.2562301
28.58315,77.18098
28.58315,77.18098
28.600277,77.21565
28.60137,77.21298
28.60137,77.21298
28.60137,77.22282
28.60137,77.22282
28.590322,77.22021
28.627291,77.23179
28.627291,77.23179
28.627291,77.23179
28.69449234008789,77.11891174316406
28.71756935119629,77.12598419189453
28.62866592407227,77.31869506835938
28.62871932983398,77.31866455078125
28.62866020202637,77.31881713867188
28.62870597839355,77.31876373291016
28.62871932983398,77.31871795654297
28.62870514917661,77.31875617057085
28.62870632632173,77.31871392577885
28.62866424337471,77.31873873621225
28.6287083863257,77.3186981678009
28.52899899900524,77.29247588664292
28.52918958264007,77.29255869984627
28.52902609901761,77.29254964739084
28.68061587947976,77.15544551610947
28.52680564229245,77.27452117949724
28.52390849158667,77.27610301226377
28.68121092427005,77.07572523504496
28.68125475096475,77.07581777125598
28.54138916370295,77.27565977722406
28.54131435286461,77.27578181773424
28.60875917869639,77.04942584037781
28.60865468716617,77.04941544681787
28.60870855182711,77.04949088394642
28.6807207,77.1553153
28.56893950491251,77.18709821544506
28.56243599540261,77.28738874197006
28.5609188079834,77.28561401367188
28.56243098938036,77.28730626404285
28.56053733825684,77.28447723388672
28.56241979944738,77.28730861097574
28.56241979944738,77.28730861097574
28.56239506380186,77.2873904183507
28.56247545462853,77.28728044778107
28.56253814697266,77.28739166259766
28.56247711181641,77.28733825683594
28.56245690290477,77.28736963123083
28.56239128112793,77.28734588623047
28.56237857336828,77.28726167231798
28.56239891052246,77.28736114501953
28.56242244969477,77.28733107447624
28.5624732971191,77.2873458862304
28.56242752075195,77.28732299804688
28.56244850158691,77.28730773925781
28.56245613098145,77.2873764038086
28.56245803833008,77.287353515625
28.56247520446777,77.28738403320312
28.56247329711914,77.28734588623047
28.56244468688965,77.28736114501953
28.56243133544922,77.28741455078125
28.56244630191826,77.28725664317608
28.568917,77.186861
28.568917,77.186861
28.568917,77.186861
28.568917,77.186861
28.568917,77.186861
28.568917,77.186861
28.568917,77.186861
28.568917,77.186861
28.568917,77.186861
28.568917,77.186861
28.568917,77.186861
28.568917,77.186861
28.63279918015473,77.28075228631498
28.74950534494273,77.14600112289189
28.52893411492852,77.29266726747801
28.5413247,77.2755771
28.5413247,77.2755771
28.5413247,77.2755771
28.5413247,77.2755771
28.6544140864978,77.27352574467659
28.49802589416504,77.1593017578125
28.52893411492852,77.29266726747801
28.568917,77.186861
28.568917,77.186861
28.568917,77.186861
28.6086865,77.0494577
28.6086865,77.0494577
28.6086865,77.0494577
28.6086865,77.0494577
28.6086865,77.0494577
28.6086865,77.0494577
28.52893411492852,77.29266726747801
28.6807207,77.1553153
28.66985066195313,77.2018376737833
28.71969032287598,77.16101837158203
28.7043342590332,77.0538101196289
28.63866233825684,77.28507232666016
28.72094037964922,77.08018071949482
28.67612072602158,77.29546956717968
28.72184686189823,77.0788211748004
28.76056289672852,77.12641143798828
28.49223709106445,77.18046569824219
28.61999685674934,77.04063691198826
28.62021140902996,77.04068686813116
28.6753179787367,77.20184236764908
28.67258229686532,77.20176391303539
28.67339183081345,77.20184672623873
28.5733477,77.2372255
28.68447640400595,77.27970018982887
28.68446905076118,77.27958653122187
28.68045351372994,77.27150537073612
28.70416918774328,77.30096373707056
28.5733477,77.2372255
28.5733477,77.2372255
28.5733477,77.2372255
28.5733477,77.2372255
28.5733477,77.2372255
28.74341076516099,77.13558241724968
28.73840796441077,77.04190291464329
28.61441893223156,77.32622478157282
28.63543891906738,77.01615905761719
28.68467552967816,77.27531041949987
28.68466670580114,77.27529600262642
28.68468258877923,77.2753006964922
28.53049087524414,77.2098388671875
28.68622352032865,77.27716214954853
28.68600145581378,77.27704782038927
28.686028515356,77.27698277682066
28.60337287284448,76.98919884860516
28.62709999084473,77.03813934326172
28.64419555664062,77.27931213378906
28.6730044201805,77.07943204790354
28.71754264831543,77.3154525756836
28.66626201029665,77.29366343468428
28.65641975402832,77.13890838623047
28.70132515507056,77.32207875698805
28.70135809229918,77.32221487909555
28.7012257551571,77.32190206646919
28.50778770446777,77.23187255859375
28.60541915893555,77.09593200683594
28.78146171569824,77.1375503540039
28.67576789855957,77.19913482666016
28.75060117339789,77.17734541743994
28.62421989440918,77.03128814697266
28.61928697694282,77.02931731939316
28.53733062744141,77.20365142822266
28.64422988891602,77.10652160644531
28.64670753479004,77.28715515136719
28.66684913635254,77.1951675415039
28.70831349691416,77.27658212184906
28.70830467502966,77.27657373994587
28.70832937630433,77.27657340466976
28.67668255721543,77.27983128279448
28.51480116944683,77.16435112059116
28.6276651362855,77.1476124599576
28.64202690124512,77.0365982055664
28.66736253535831,77.29915391653775
28.66735988775776,77.29913748800755
28.70269527621015,77.29640498757362
28.66733341174857,77.29918107390404
28.54132461547852,77.27557373046875
28.66738518704923,77.29918610304594
28.66738048020477,77.29915995150805
28.64825541449517,77.09636516869068
28.53841347745952,77.26668410003185
28.53834160990089,77.2666670009494
28.52580969128023,77.26032089442016
28.72836875915527,77.05603790283203
28.64384626344389,77.27812975645065
28.6447696685791,77.03697967529297
28.64346885681152,77.08109283447266
28.4994069317749,77.3006871342659
28.715087890625,77.28965759277344
28.71511459350586,77.28968048095703
28.7160708800892,77.28977557271719
28.71510696411133,77.28966522216797
28.58312149571876,77.07573261111975
28.68038939095506,77.32693590223788
28.58551358224419,77.07506407052279
28.58375448390909,77.07551300525665
28.58025651408122,77.08780691027641
28.70018005371094,77.05477905273438
28.71510314941406,77.10803985595703
28.71316248015987,77.2898681089282
28.58826183847943,77.08286225795746
28.5867300661736,77.07741737365723
28.60561025873087,76.96794871240854
28.65932464599609,77.11187744140625
28.53429632983934,77.21930254250765
28.56640098472,77.2826137393713
28.58515999848163,77.07723900675774
28.58519473865419,77.07718100398779
28.71819736295224,77.27984201163054
28.71820324365243,77.27975316345692
28.58785056142602,77.08646044135095
28.60543894630054,77.33382917940617
28.57662033930132,77.04787820577621
28.60546131701176,77.33389690518378
28.58302581112592,77.08792258054017
28.5413247,77.2755771
28.66909408569336,77.05656433105469
28.67633428106074,77.27951142936945
28.49953775542966,77.24788684397936
28.55012487816727,77.28851493448018
28.53857046666917,77.21890792250633
28.72017590586416,77.28961765766144
28.67255052723691,77.25483242422342
28.56281280517578,77.24667358398438
28.67248434048008,77.25528337061405
28.67256847119488,77.25353758782148
28.6956262702999,77.32220716774464
28.6408952506113,77.04862721264362
28.59073064458537,77.08296719938517
28.6100790007953,77.29672081768513
28.61000423879118,77.29660246521235
28.67947901980144,77.31808964163065
28.67954696700084,77.31821302324533
28.63993072509766,77.1055908203125
28.52351110293656,77.26183198392391
28.52365043952778,77.26200934499501
28.70091637967426,77.13214986026287
28.70095166969952,77.1321176737547
28.56929284446758,77.24654775112867
28.56962498659398,77.24686492234468
28.57801770522581,77.03110300004482
28.57811928293522,77.03121062368156
28.68860737529132,77.3195118829608
28.68858561054393,77.3195668682456
28.68858766937158,77.3195631802082
28.69799050110432,77.16025404632093
28.53746594099663,77.26696103811264
28.5374497412006,77.26670287549496
28.69430899501669,77.25497357547283
28.66514029242678,77.11394201964141
28.71937320237458,77.17377606779337
28.73657881621598,77.14480150490999
28.57274200691275,77.26888451725245
28.57236453024316,77.26886138319969
28.61995859635145,77.04359471797945
28.73610902981775,77.144666723907
28.73643623420945,77.14507978409529
28.69640239325383,77.09628704935312
28.66379556839936,77.19697214663029
28.68968266582537,77.31406599283218
28.60900554282241,77.05014064908028
28.60923895537414,77.04978995025158
28.69068765249177,77.19115577638149
28.69070265221971,77.190773896873
28.69058883070115,77.19141896814108
28.63290217628695,77.08760172128676
28.63291365299257,77.08643864840269
28.63317938251778,77.08818007260561
28.53899695775005,77.26569805294275
28.53902641149024,77.26561523973942
28.66229784736335,77.28194419294596
28.66218311240027,77.28193078190088
28.5402116231632,77.25771076977254
28.66162885250218,77.28040024638176
28.68613822408063,77.3127667978406
28.52893447875977,77.29266357421875
28.56893891600512,77.18709687434051
28.6086865,77.0494577
28.568917,77.186861
28.52893411492852,77.29266726747801
28.66308833842623,77.14483469724657
28.66303567843284,77.14479949325323
28.60554461843404,77.05436814576387
28.52360389582435,77.26192887872458
28.57000394534595,77.25383967161179
28.56997891703225,77.25379943847656
28.57485225910045,77.24111828953028
28.52609955199552,77.28245079517363
28.57513403507146,77.23896883428097
28.6673048764867,77.20773249864578
28.58985364509662,77.0756397396326
28.58688933855994,77.0722983777523
28.59991617841413,76.9990898296237
28.56083346717503,77.2711630538106
28.56089795748114,77.2712730243802
28.60930930281325,77.0343129336834
28.60930223863739,77.03429952263832
28.62539113898306,77.28588603436948
28.57695569703891,77.25888323038816
28.56088028890805,77.27132432162762
28.53103148059643,77.262051589787
28.58210164068497,77.26404245942831
28.58210164068497,77.26404245942831
28.61727915658225,77.2867564111948
28.65910816860556,77.05028381198645
28.57140375473108,77.25446965545416
28.57122296424233,77.2543566673994
28.49670409056678,77.24190551787615
28.49666696395466,77.24185053259134
28.70823204148586,77.15066950768232
28.54248127808146,77.26473078131676
28.54274105119391,77.26492892950773
28.71247851954803,77.287827283144
28.68609175230246,77.185731343925
28.71303868538493,77.28674065321684
28.59576257844093,77.29947175830603
28.53370428150318,77.27648891508579
28.53370339784647,77.27648723870517
28.68672794327154,77.31907568871975
28.61926225467402,77.07267489284277
28.68582321561081,77.31826297938824
28.50120191245168,77.18326907604933
28.56113766082972,77.00235307216644
28.52114323647172,77.2557108476758
28.64481873477898,77.27926835417747
28.64476694833305,77.2792375087738
28.653289,77.307345
28.49861933458837,77.31638979166746
28.55941820420774,77.05042395740747
28.57141759372962,77.25519686937332
28.57157158927155,77.25513651967049
28.55933162695415,77.05059595406055
28.60564145993382,77.30629730969667
28.67086201645708,77.2023630514741
28.70464617541688,77.08507843315601
28.68329723107644,77.19747371971607
28.68326987669526,77.197370454669
28.55676784784509,77.2732276841998
28.53457674162178,77.27617677301168
28.59808932114303,77.05063082277775
28.53438528407803,77.27616872638464
28.68446963902077,77.32731174677609
28.6844040480549,77.32729330658914
28.50373345509782,77.30050675570965
28.50363210027454,77.30034247040749
28.64720912221682,77.27888613939287
28.57735111747538,77.26193156093359
28.57729929775599,77.26176191121341
28.5202665408969,77.20280159264804
28.6480220886906,77.27931261062622
28.64777787575407,77.27927472442389
28.50023783601509,77.24637072533369
28.49824660136042,77.24560596048832
28.64866910310712,77.28141948580742
28.64871000111028,77.28122401982546
28.49971071348101,77.29331474751234
28.70688845886295,77.27598365396261
28.50116626063759,77.18301057815552
28.64365647600482,77.13695336133242
28.65953005199654,77.28847101330757
28.65947415401582,77.28856321424246
28.77081197256837,77.17389073222876
28.61636486807651,77.03308324136243
28.56777846331116,77.24960044026375
28.61431091441196,77.31077391654253
28.73093065607699,77.13526591658592
28.67795475545718,77.32703346759081
28.67867394508357,77.32689768075943
28.67821389960944,77.3271471261978
28.57913534905941,77.21570268273354
28.57914153198751,77.21572246402503
28.55437451871934,77.18241680413485
28.69846428194623,77.26441998034716
28.61153802657773,77.29190826416016
28.73287250280025,77.28714566677807
28.568917,77.186861
28.568917,77.186861
28.71222945797365,77.15539254248142
28.74419829200304,77.12025661021471
28.74374970521269,77.12061200290918
28.74403720076921,77.12065659463406
28.53924878696295,77.02948294579983
28.5788621221589,77.25911892950535
28.57884327889822,77.25910384207964
28.50187605357769,77.24694170057774
28.50211412336585,77.24689777940512
28.75765470595106,77.18222100287676
28.5262983889155,77.2311156615615
28.52646482249349,77.23100736737251
28.72783274052401,77.17384245246649
28.72813586225074,77.17408988624811
28.62414420121265,77.2849452495575
28.6023258387721,77.30537999421358
28.62526164884877,77.2956646978855
28.82702415094696,77.0803577452898
28.82784688120796,77.08040602505207
28.82589358383425,77.08073828369379
28.8270285568743,77.08117816597223
28.62844823693351,77.09905575960875
28.69757288989359,77.26187590509653
28.6575035840492,77.06589326262475
28.71348475755663,77.27788802236319
28.67067110124375,77.28492446243763
28.67014306737074,77.28523090481758
28.69362638167914,77.30535719543695
28.50323551912904,77.21403300762177
28.6547797940818,77.29171514511108
28.65479685844316,77.2917402908206
28.47362649911666,77.12410055100918
28.68631499312431,77.31855500489473
28.7159638491119,77.16379188001156
28.76718681401749,77.09160290658474
28.67013630145984,77.20261417329311
28.6978719820357,77.0539953187108
28.59815496609713,77.29343041777612
28.5981375981536,77.29349981993437
28.57334679120283,77.07904078066349
28.66127081787832,77.00924601405859
28.63188574717593,77.06206172704697
28.79733806869212,77.04672452062368
28.70354839473396,77.26090896874666
28.70082786047524,77.05595601350069
28.73784323081668,77.11037434637547
28.54300376892817,77.26361196488142
28.54309978443887,77.26375948637724
28.73782088835248,77.11032304912806
28.51557686171823,77.20516361296177
28.72310586831891,77.08750281482935
28.60492382992183,76.9819837063551
28.63945369965567,77.28386700153351
28.63944487197091,77.28384722024202
28.72305647274321,77.08730366081
28.60623369233067,76.98606133460999
28.49889453756559,77.23635837435722
28.49542115228678,77.23281886428595
28.5948208570799,77.02266007661818
28.50187634821885,77.28917241096497
28.50176084882149,77.28897091001272
28.72624214557195,77.09721710532904
28.50196238340206,77.28708565235138
28.66350961742084,77.2854008898139
28.66350726391161,77.28541128337383
28.50191347299829,77.28709705173969
28.62603947013981,77.2755954042077
28.62623635248106,77.27559674531221
28.64815213920308,77.29002065956593
28.68903825753425,77.27026619017124
28.72381210489088,77.28916972875595
28.72380475440991,77.28917006403208
28.51505894855968,77.2307451814413
28.51509459567883,77.23093193024397
28.71722704289446,77.06110518425703
28.70581657985345,77.10288628935814
28.70042349441119,77.26973611861467
28.70033526888048,77.26974215358494
28.66515912020582,77.2581908851862
28.53595522566778,77.22838651388884
28.48829457940789,77.31854628771544
28.48895731056794,77.31872767210005
28.67135151088463,77.19360362738371
28.66792676692808,77.19373974949121
28.67332152633269,77.2835649177432
28.62232747731112,77.06790324300528
28.66796736324296,77.19373673200607
28.62230628740898,77.0679884031415
28.52018759080321,77.26390767842531
28.53957189327025,77.27889720350504
28.71245205494609,77.1550602838397
28.67321062753705,77.18246541917324
28.70781388301798,77.07499869167805
28.70855462813513,77.0747311413288
28.4991912491792,77.225646302104
28.53751512945293,77.13064614683388
28.67401515592458,77.18621045351028
28.6468383862279,77.28897761553526
28.64678924889927,77.2889719158411
28.67398191593439,77.1862342581153
28.6448337410739,77.03694250434637
28.58733005959892,77.03717485070229
28.73284457339077,77.14133743196726
28.50209438245088,77.28550281375647
28.50198742787712,77.28546392172575
28.50197711544692,77.28542905300856
28.53819198384282,77.21365381032228
28.53952506206194,77.21286121755838
28.53984905112713,77.2132058814168
28.51115978803828,77.20220346003771
28.74368826689813,77.1239198371768
28.71087357635634,77.08468046039343
28.55406559359666,77.17817790806293
28.55421990902387,77.17812493443489
28.67880484000592,77.1806214004755
28.67880748731725,77.18077696859837
28.5078535640893,77.18511946499348
28.50772982174081,77.18475837260485
28.68125210371525,77.19336021691561
28.68124916232684,77.1936646476388
28.64089319084655,77.04854506999254
28.52410320853263,77.19020526856184
28.52392263140727,77.19031188637018
28.568917,77.186861
28.568917,77.186861
28.45340352981034,77.1861819550395
28.568917,77.186861
28.568917,77.186861
28.596298,77.03701
28.596298,77.03701
28.69817224968829,77.27701764553785
28.568917,77.186861
28.568917,77.186861
28.568917,77.186861
28.51471573394469,77.2031620144844
28.568917,77.186861
28.596298,77.03701
28.568917,77.186861
28.59728597665718,77.07489341497421
28.596298,77.03701
28.596298,77.03701
28.568917,77.186861
28.571535,77.244758
28.568917,77.186861
28.568917,77.186861
28.571502,77.282928
28.65106852372138,77.27656804025173
28.51470188749472,77.20307383686304
28.50878899262282,77.19839908182621
28.62334341037861,77.08461340516806
28.64892773121833,77.28151336312294
28.6487803221,77.2815727069974
28.63929156439393,77.28382676839828
28.55353815118268,76.95284485816956
28.63953903390332,77.28414259850979
28.62854388016735,77.27794636040926
28.62856153737022,77.27796848863363
28.50119189458778,77.1836968883872
28.50121605531672,77.18377534300089
28.50106136762717,77.1835983172059
28.50108051944866,77.18359664082527
28.67405104333578,77.30363421142101
28.7699314835381,77.11821276694536
28.53957719491514,77.2136766090989
28.7196651754558,77.16107614338398
28.49841632036896,77.30468161404133
28.72184098140297,77.09070738404989
28.68825443288383,77.3197388648987
28.78353855863961,77.05916058272123
28.64276285208394,77.03457176685333
28.49610475937463,77.28793323040009
28.56038969034404,77.20661636441945
28.70092784893378,77.16764386743307
28.55984019367938,77.20657613128424
28.4974183333244,77.18487069010735
28.4970874368062,77.18489985913038
28.50520249983022,77.23803173750639
28.54032060070432,77.21806939691305
28.54042486559758,77.21811398863794
28.50084951878532,77.18438856303692
28.500755232655,77.18436945229769
28.53169070316377,77.25620705634356
28.50057225839287,77.1843047440052
28.53169070316377,77.25621040910482
28.53169099772163,77.25621107965708
28.53168981949016,77.25620437413454
28.53169335418454,77.2562140971422
28.60909561128341,77.03400515019894
28.60914770967166,77.034084610641
28.67061109084293,77.17745337635279
28.65774983376949,77.26613357663155
28.67061109084293,77.17745337635279
28.55036990714668,77.28855818510056
28.568917,77.186861
28.568917,77.186861
28.713255,77.140129
28.568917,77.186861
28.58821620653066,77.25517507642508
28.568917,77.186861
28.568917,77.186861
28.568917,77.186861
28.568917,77.186861
28.568917,77.186861
28.568917,77.186861
28.65146366522345,77.30574980378151
28.50457758378271,77.25828543305397
28.50463562658895,77.25824888795614
28.65149161635299,77.3056934773922
28.568917,77.186861
28.568917,77.186861
28.568917,77.186861
28.70703313963293,77.27597862482071
28.70701461344795,77.27602321654558
28.568917,77.186861
28.57487316413572,77.22766164690256
28.71085769735234,77.06706941127777
28.568917,77.186861
28.57487993618849,77.22757916897535
28.568917,77.186861
28.67652930408392,77.29213323444128
28.568917,77.186861
28.568917,77.186861
28.61392976072763,77.00504031032324
28.70935300376004,77.0810229331255
28.568917,77.186861
28.568917,77.186861
28.74109518432189,77.12138313800097
28.61389002648017,77.03274518251419
28.61384764326626,77.03271970152855
28.71382438275322,77.15129010379314
28.68834619802423,77.27819111198187
28.65632499016259,77.18608673661947
28.65634117164615,77.18615178018808
28.57484695923171,77.22774747759104
28.53636611646185,77.05915153026581
28.5330259255146,77.25646756589413
28.53290427458682,77.25645750761032
28.74311650668747,77.12978180497885
28.74309592914083,77.13004365563393
28.7433311008609,77.13150512427092
28.63918975156067,77.18279264867306
28.63919151710197,77.18276515603065
28.63918886879001,77.18279466032982
28.66548654650948,77.29412745684385
28.66542653313957,77.29412108659744
28.687130303387,77.2811009734869
28.66591281695699,77.29410197585823
28.568917,77.186861
28.568917,77.186861
28.568917,77.186861
28.568917,77.186861
28.65327988471178,77.18785665929317
28.65336697301399,77.18769606202841
28.65336697301399,77.18769606202841
28.568917,77.186861
28.65338992194646,77.1877621114254
28.568917,77.186861
28.568917,77.186861
28.568917,77.186861
28.66542182620712,77.29421127587557
28.568917,77.186861
28.65337109205352,77.18774065375328
28.568917,77.186861
28.60103682747929,77.14823305606842
28.61209372846583,77.06291399896145
28.66148028446242,77.18327041715382
28.66147910768503,77.18326069414616
28.66148410898887,77.1832714229822
28.66147910768503,77.18326974660158
28.67299883110242,77.31265347450973
28.67309325706576,77.31251902878284
28.62904563785855,77.27397367358208
28.62903121787627,77.27398205548523
28.6290441664319,77.27394014596939
28.6705587287984,77.2949767112732
28.66286740162857,77.14476194232702
28.65235721501341,77.12702482938766
28.71425133857858,77.25777916610241
28.65218127133673,77.12715860456228
28.6872488346174,77.27939307689667
28.68721059875129,77.27938771247862
28.53469014323366,77.05801628530025
28.6918393900537,77.25846346467733
28.49687852653786,77.3028902336955
28.68654235120599,77.28646405041218
28.64189599723983,77.12255325168371
28.64183067387581,77.12244294583797
28.51393208093757,77.23293084651232
28.59274780396105,77.16263517737389
28.64818774123832,77.10388574749231
28.77475527320849,77.17127054929733
28.70358574240426,77.15747158974409
28.6491407532109,77.04112909734249
28.64970066945122,77.1628088504076
28.64974745159766,77.16284941881896
28.50022251443583,77.32152990996838
28.50024903255237,77.32153158634901
28.55828533226992,77.23865702748299
28.68680353297257,77.25462824106216
28.68683706301705,77.25466914474964
28.52648161312304,77.23593525588512
28.50286162365275,77.2515058144927
28.50308996817126,77.25151553750038
28.52367106014932,77.26199124008417
28.65196501908893,77.27796211838722
28.50476526522877,77.32119295746088
28.50477380958808,77.32112556695938
28.61465027247417,77.04803109169006
28.50841246522158,77.32865385711193
28.4961887366641,77.28774145245552
28.50008668264547,77.31072396039963
28.50008668264547,77.31072396039963
28.69498013399284,77.2610417380929
28.69501719062076,77.26106151938438
28.69499983870931,77.26104039698839
28.69229819924068,77.26480521261692
28.69228467028062,77.26488165557384
28.6186906977417,77.02566985040903
28.61907124552011,77.02543146908283
28.61904622888716,77.02541369944811
28.568917,77.186861
28.568917,77.186861
28.568917,77.186861
28.5082654482893,77.3388247936964
28.568917,77.186861
28.568917,77.186861
28.61662694516734,77.02727515250444
28.568917,77.186861
28.61658309145665,77.02734656631945
28.568917,77.186861
28.61664489869462,77.02731605619192
28.568917,77.186861
28.69293405839203,77.2633071988821
28.69291023580149,77.26331289857626
28.568917,77.186861
28.705257,77.311554
28.69293435249805,77.2633071988821
28.568917,77.186861
28.568917,77.186861
28.568917,77.186861
28.568917,77.186861
28.568917,77.186861
28.568917,77.186861
28.51395181963742,77.23289966583252
28.50416804226245,77.31954842805862
28.71368823875922,77.17992905527353
28.568917,77.186861
28.568917,77.186861
28.704776,77.181167
28.704776,77.181167
28.704776,77.181167
28.704776,77.181167
28.57499241108842,77.22845423966646
28.69044530364865,77.27010559290648
28.69044530364865,77.27010559290648
28.73660086496249,77.0619997009635
28.6898088411515,77.2699074447155
28.68980590000343,77.2699074447155
28.56069270737416,77.24801424890757
28.56086379823718,77.24808432161808
28.68916149247082,77.2597023099661
28.68915002192198,77.25964430719614
28.70290642442771,77.19537992030382
28.70289848432139,77.19495210796595
28.70290554219369,77.19474524259567
28.70290201325759,77.19546541571617
28.68078442192123,77.25660134106874
28.47882994738179,77.12092313915491
0.0,0.0
28.70792239265441,77.12513688951731
28.70792239265441,77.12513688951731
28.70809177332534,77.12491124868394
28.61685180551702,77.03235525637865
28.61727591908073,77.03224830329418
28.61686328397744,77.03235793858767
28.68835002157,77.25433990359306
28.68826678588817,77.25439589470625
28.75838598631064,77.18814063817263
28.72268688724876,77.15320385992528
28.72266130729746,77.15295944362879
28.73822922552948,77.1365349367261
28.73821540853086,77.13654030114412
28.72330639059492,77.15071208775043
28.72320436537939,77.15070873498917
28.51609447773182,77.23732966929674
28.73652883903995,77.19258975237608
28.7387169350125,77.19290759414434
28.568917,77.186861
28.568917,77.186861
28.705257,77.311554
28.568917,77.186861
28.72353954871087,77.06213179975748
28.72355836598884,77.06213917583227
28.568917,77.186861
28.54972287626292,77.2718547284603
28.704776,77.181167
28.568917,77.186861
28.568917,77.186861
28.55449408339482,77.18230448663235
28.50039782852719,77.32636626809835
28.68856355167374,77.25421484559773
28.68857649287816,77.25420914590359
28.55743721636667,77.29258418083191
28.55743456599379,77.29239776730537
28.5337790977452,77.30932552367449
28.70952620488691,77.14179407805204
28.70947062764655,77.14181754738092
28.70961412860898,77.14180983603
28.56250549074583,77.29123905301094
28.53261502169575,77.3114025592804
28.61896028934973,77.03536972403525
28.50037808729111,77.3218360170722
28.50039664994604,77.3217961192131
28.74714903966596,77.19631098210812
28.74718784153066,77.19631969928743
28.49739564499431,77.24073037505148
28.49724301428326,77.24072098731995
28.66237316050159,77.15186275541782
28.66245053292715,77.15187482535839
28.73395321821796,77.02251557260752
28.73381004464677,77.02246829867363
28.68838413935686,77.26978875696658
28.68845178665998,77.26993326097727
28.50507374562435,77.32243046164513
28.72247166263574,77.10451539605856
28.49968154340364,77.31418669223785
28.4996600341495,77.31416959315537
28.70262028614178,77.26525984704494
28.54461393157915,77.25089862942696
28.54460391783957,77.2509103640914
28.61505967870297,77.03256513923407
28.59602781322513,77.04653710126878
28.59593802794028,77.04694211483002
28.7132621627819,77.0605717599392
28.568917,77.186861
28.568917,77.186861
28.72187126595003,77.06489112228155
28.72186362130791,77.06491693854332
28.52417243459164,77.19037994742393
28.568917,77.186861
28.52422928829974,77.19036083668469
28.59595539624726,77.04625379294157
28.50927246597707,77.32835344970226
28.5082893127752,77.33421072363853
28.704776,77.181167
28.7311961370238,77.03803215175869
28.73119701901918,77.0380324870348
28.50831818584971,77.33420737087727
28.50946573685033,77.32848554849625
28.704776,77.181167
28.704776,77.181167
28.704776,77.181167
28.704776,77.181167
28.568917,77.186861
28.71429926808379,77.07195974886417
28.71429750380792,77.07198992371559
28.50837740509,77.33504623174667
28.568917,77.186861
28.704776,77.181167
28.74561076928143,77.09906917065382
28.66903374631631,77.18318425118923
28.73530380278721,77.0137333497405
28.73518032821413,77.01378867030144
28.7049840648761,77.0571968704462
28.68603498611509,77.25489009171723
28.51927052810728,77.23982378840446
28.51917154495585,77.23975338041782
28.59095497157766,77.06554356962441
28.68248571472982,77.032977193594
28.70400744666976,77.25624494254589
28.72809352522435,77.0491774007678
28.68242335801243,77.0330472663045
28.72809470125311,77.04918075352907
28.72685662966999,77.0516574382782
28.74475887580189,77.11429305374622
28.74472565828255,77.11429271847011
28.70396804062491,77.25635625422002
28.65171110601649,77.09259934723377
28.50398978808265,77.31600254774094
28.67764589950076,77.25693795830011
28.67755736062531,77.25690007209778
28.70529578090303,77.19689302146435
28.70528754690672,77.19683066010475
28.73533996317026,77.05490726977585
28.70661909331914,77.13436670601368
28.76489086411858,77.18346454203129
28.76492995329396,77.18352120369673
28.7648923336367,77.18345582485199
28.72464123582727,77.14677695184945
28.75405407482325,77.18651622533798
28.73104678569928,77.22335033118725
28.73105766365726,77.22336307168007
28.76486852744035,77.18347560614347
28.64449212665228,77.14619491249323
28.64399544495728,77.14614495635033
28.64399044281924,77.14599609375
28.73953007306698,77.19757664948702
28.73965295455081,77.19746466726065
28.7396353160692,77.1974428743124
28.75242713668591,77.07664355635643
28.66985448617412,77.0772996917367
28.74922668286882,77.18800283968449
28.64303414734211,77.07123253494501
28.74923520735257,77.18799713999033
28.69242643016676,77.25480124354362
28.73790290869105,77.11676672101021
28.73787968430064,77.11660545319319
28.71735818364661,77.09602653980255
28.77180148525215,77.17969067394733
28.71280079905215,77.12161045521498
28.71367471256439,77.05987069755793
28.73498218061815,77.01274562627077
28.62158612249824,77.03972663730383
28.75854852501956,77.19387285411358
28.75853970737456,77.19386849552393
28.7585156058078,77.19388861209154
28.7031322760885,77.2658858075738
28.70312492415409,77.26587675511837
28.84367839895629,77.08966568112373
28.633924,77.048423
28.53728037954759,77.21728686243296
28.542604,77.046051
28.542604,77.046051
28.70707519112002,77.2760758548975
28.60635231501878,77.02569801360369
28.60638851993165,77.02569533139467
28.63287951714655,77.02966801822186
28.76733170521874,77.09169108420612
28.73885069459948,77.1200081706047
28.78262173916731,77.0598703622818
28.64253157379357,77.0555067434907
28.68860237528219,77.2542865946889
28.542604,77.046051
28.62159436307275,77.05460585653782
28.74595793298914,77.19670694321394
28.7500494393173,77.19857845455408
28.705257,77.311554
28.65001843456373,77.04865839332342
28.69992031380351,77.25575812160969
28.77166042075638,77.17971917241812
28.542604,77.046051
28.61949211268675,77.02558234333992
28.61950918278797,77.02602256089449
28.8216899048442,77.17019431293011
28.8216931360231,77.1701892837882
28.62243813561941,77.03936453908682
28.70321902887549,77.25623019039631
28.70319550270309,77.25624896585941
28.70319550270309,77.25624896585941
28.68238306143476,77.25572660565376
28.85699629565405,77.09193885326385
28.66295154006448,77.25789550691843
28.66296154253138,77.25792400538921
28.72773189575858,77.04794492572546
28.63775877056407,77.06788480281828
28.63777171804285,77.06784289330244
28.49398703630626,77.30706810951233
28.75254765149129,76.97157807648182
28.55589292111229,77.23806258291008
28.61942795262628,77.02723290771246
28.61941529719686,77.02723156660795
28.64756926449407,77.09507804363966
28.64758162229537,77.09507670253515
28.66016316809757,77.28805460035801
28.66016140290928,77.288051918149
28.71232090804211,77.25142635405064
28.50380092671396,77.31601763516665
28.6500204941493,77.04547226428986
28.6500204941493,77.04547226428986
28.64180360292022,77.04763446003199
28.64190423621979,77.04773001372814
28.62798914819791,77.03985035419464
28.62783935534908,77.03977525234222
28.62669397742306,77.02708203345537
28.61894910543215,77.02536910772324
28.61892526602493,77.02555786818266
28.61990179435039,77.02511429786682
28.6198632396068,77.02513910830021
28.62333575854406,77.03858703374863
28.72957913298422,77.03503713011742
28.72957913298422,77.03503713011742
28.49981295601179,77.2372129932046
28.75464928975966,77.14834000915289
28.75650457499045,77.14958421885967
28.64083228064238,77.0558624714613
28.64093320912569,77.05582961440086
28.72924632104859,77.26083688437939
28.72920369046788,77.2606360539794
28.57473654523857,77.23900470882654
28.5747430228627,77.23903052508831
28.63897729787363,77.05069787800312
28.61227650900576,77.05457467585802
28.73556398087429,77.19749048352242
28.73550047984159,77.1974479034543
28.61930316413949,77.02546466141939
28.73557044856989,77.19747237861156
28.50450657705749,77.23042197525501
28.50450746095895,77.23037738353014
28.84367458109682,77.0897937566042
28.84169632368548,77.0905565097928
28.61978436420938,77.02557496726513
28.50769829688123,77.23139863461256
28.661913043453,77.08219338208437
28.66192422279142,77.08202742040157
28.60137122425481,77.08404276520014
28.62025202381565,77.04174902290106
28.62022906763436,77.04180467873812
28.61991857007411,77.04159278422593
28.6206767122639,77.04003173857927
28.62053691549379,77.04770386219025
28.50629086434502,77.24937245249748
28.50628084696429,77.24937379360199
28.83126932231135,77.09412049502134
28.75221373695766,77.07830015569925
28.75223460664729,77.07827132195234
28.49996204724799,77.23281014710665
28.61439774073348,77.02651843428612
28.64617576594229,77.03356191515923
28.75765470595106,77.14918222278357
28.64650913626286,77.0327689871192
28.64597362472878,77.03326888382435
28.52301797364825,77.23569083958864
28.62327925267155,77.03470386564732
28.7866251249527,77.14030344039202
28.78660044218767,77.14025314897299
28.51074879898886,77.20220480114222
28.510737014333,77.20220681279898
28.77550553554977,77.10267003625631
28.51295397954121,77.23272431641817
28.51295397954121,77.23272431641817
28.7107130218716,77.10990898311138
28.51868634941406,77.1994860470295
28.51875852496995,77.19945352524519
28.61806145175384,77.03239113092421
28.6182418673829,77.0323783904314
28.61799699650291,77.03247964382172
28.74627981532823,77.08627872169018
28.74633008179576,77.08654694259167
28.49940369064627,77.14412827044725
28.49938660105725,77.14407932013273
28.51177729975706,77.20283042639495
28.51181854564003,77.20276169478893
28.76578256392098,77.05215565860271
28.76577844930522,77.05217778682709
28.77505855264243,77.16590378433466
28.52572338097423,77.25669052451849
28.49247127799756,77.13666938245296
28.79336565187424,77.03709539026023
28.74991275461138,77.08275597542524
28.74991716379823,77.08276268094778
28.49246626865134,77.13665496557951
28.79335360511373,77.03721843659878
28.65244283298339,77.13099516928196
28.49385384846245,77.14354824274777
28.65422549504086,77.1363914385438
28.73829801651668,77.19466041773558
28.57358528843342,77.25802090018988
28.47903064162853,77.1281285583973
28.47901236992141,77.12812788784505
28.73521237281975,77.19769030809402
28.75778785343973,77.14921474456787
28.75770966972524,77.14921072125435
28.54018393695911,77.2766662761569
28.66138643642384,77.08443034440279
28.66138643642384,77.08443034440279
28.76366322143889,77.14882045984268
28.70327078643621,77.18259014189243
28.70373572110346,77.18246944248675
28.8579447610864,77.09300436079502
28.85799967197806,77.09306806325912
28.67140710836428,77.15529967099428
28.67134945171814,77.15516220778227
28.76742428265578,77.16274715960026
28.76940806514299,77.16229688376188
28.72709419001825,77.21198648214339
28.72718062892191,77.21185404807329
28.70935123940073,77.12508425116539
28.57646311239069,77.25557673722507
28.61901620891975,77.01450683176517
28.57648401710586,77.25562937557697
28.61918661626787,77.01351508498192
28.61915129870549,77.01351206749678
28.61844347338796,77.01339572668076
28.61997242895843,77.03999284654856
28.62006543111989,77.04000055789948
28.61255847900552,76.99394602328539
28.73392117322624,77.11167924106121
28.73392440712496,77.11166515946388
28.72972231235135,77.08591427654027
28.67323386628644,77.15931963175535
28.67328181457585,77.15934243053199
28.71783452311179,77.31549493968487
28.6858732170185,77.25486595183611
28.6734262476341,77.15937696397305
28.544989740647,76.97707727551459
28.73649885272286,77.19063777476549
28.80152422104184,77.13773757219315
28.7707731794832,77.04965215176344
28.51848690894764,77.23902247846127
28.51848690894764,77.23902247846127
28.67108411307028,77.20655366778374
28.67106057967662,77.20656037330627
28.6539262782579,77.13487464934586
28.65392215924018,77.13485721498729
28.6539227476713,77.13489577174187
28.73899033354608,77.18546479940414
28.64646117572595,77.0342455431819
28.53754134365079,77.26333938539028
28.73248942824885,77.19065252691507
28.73536054224446,77.00604982674122
28.73537700550092,77.00602266937494
28.73534790081366,77.00603473931551
28.53261796724856,77.2617169842124
28.51062034616894,77.20034804195166
28.79722759524131,77.13687423616648
28.7130636795912,77.07987293601036
28.51059500912638,77.2006169334054
28.5105083917488,77.20055021345615
28.71863076966922,77.08377856761217
28.79717470897341,77.13688898831606
28.51876117631595,77.16194350272417
28.7030393475996,77.18242015689611
28.51772950309,77.2380293905735
28.47145380089056,77.15615630149841
28.47145409561664,77.15615630149841
28.47145586397301,77.15615529567003
28.47145409561664,77.15614926069975
28.69098764664194,77.25465171039104
28.47145674815121,77.15615428984165
28.73390323978622,77.12182335555553
28.79147781937028,77.0338911563158
28.78768971055626,77.03875802457333
28.79085049314238,77.03301876783371
28.50763406863343,77.25122753530741
28.59652737126198,76.99053592979908
28.72692719220604,77.28310324251652
28.72690749350286,77.28311464190483
28.84845589976112,77.086878195405
28.65957918335499,77.06287041306496
28.65972451789728,77.06285197287798
28.59619089843161,76.99040785431862
28.59612731289384,76.99037164449692
28.51640380879802,77.22698539495468
28.71532254307721,77.27778978645802
28.71602324543701,77.27795507758856
28.52588068366326,77.23435744643211
28.62957976437801,77.03304994851351
28.60684858615254,76.98597718030214
28.60687949264026,76.98600869625807
0.0,0.0
0.0,0.0
28.70374013223843,77.26742539554834
28.70374542560011,77.26743679493666
28.73017830939842,77.14555822312832
28.50059818713209,77.24654473364353
28.60822877272692,76.99666444212198
28.66828066036131,77.17970408499241
28.72930188777937,77.26024612784386
28.50943480174958,77.24943682551384
28.50938943025211,77.24941737949848
28.7285098385724,77.26633977144957
28.677741792019,77.06399526447058
28.72849925435528,77.26633373647928
28.71237854212779,77.15516187250614
28.62869484915604,76.99691388756037
28.59801337311808,76.98106806725264
28.59802014368068,76.98106706142426
28.59801572809641,76.981066390872
28.65370002625922,77.2796643152833
28.69857574218026,77.25594520568849
28.69858779987658,77.25590731948614
28.67191660347065,77.07996714860201
28.57420714533633,77.22820714116096
28.66245141550201,77.0554095134139
28.67404839590422,77.07677096128464
28.67405604403965,77.07673206925392
28.73334700762699,77.02460668981075
28.73340345415445,77.02463250607252
28.62856977739722,76.99669864028692
28.53379382534564,77.30931144207716
28.63369877438664,77.00290694832803
28.5884199309488,76.99694842100143
28.67420782999625,77.17995218932629
28.73472082512836,77.19277516007423
28.73481196153762,77.19290189445019
28.60655453254314,77.30168458074331
28.64930787513423,77.30414114892483
28.72437426814421,77.08879128098488
28.73123200482979,77.16954823583364
28.77064945295601,77.04974669963121
28.67080053532466,77.29472693055868
28.73847263958856,77.19763901084661
28.67252522919256,77.05927960574627
0.04394530819135808,0.0
28.68221216847682,77.07935258746147
28.66918406868512,77.29538574814798
28.68217951936017,77.07923993468285
28.68227805495146,77.07927916198969
28.70503493934769,77.26406626403332
0.0,0.0
28.71670718286871,77.28128101676702
28.70849581569347,77.1615468710661
28.73857994149973,77.19557605683804
28.66902756868009,77.10172958672047
28.66904463072207,77.10174132138492
28.70852963285146,77.16153010725975
28.72378240894459,77.17455323785543
28.72389707641334,77.08823136985302
28.72387384891062,77.0882447808981
28.72385826589955,77.08828736096622
28.61855501873391,77.01338097453117
28.61278334806613,76.9795435667038
28.59433983703669,77.30222102254629
28.59432570667165,77.30226192623377
28.59433071117618,77.30226192623377
28.59433807074117,77.30225723236798
28.68264395944029,76.9650961831212
28.6764842988031,77.28235423564912
28.70392392936303,77.26185075938702
28.65706286327308,77.04177785664797
28.67045782882987,77.30335861444472
28.50404930438775,77.24132414907217
28.51247936140822,77.23922464996576
28.5124958596535,77.23921827971935
28.70680729639219,77.26369846612215
28.50415655150623,77.18381457030773
28.50418660425065,77.18371868133545
28.64211315299543,77.02870309352875
28.68066411853085,77.08192851394415
28.67210369227579,77.15170115232468
28.6722069439733,77.15187046676874
28.68254836554527,77.04151801764965
28.66363023469827,77.1786392480135
28.66361846716512,77.17865098267795
28.66363052888658,77.1786456182599
28.68766060459844,76.96521118283272
28.66356521906108,77.17859163880347
28.65225629752258,77.13092442601919
28.63046820351547,77.03137591481209
28.568917,77.186861
28.62851974865196,76.99675228446722
28.62848443422919,76.99679955840111
28.71529754941074,77.25789483636618
28.71530019579926,77.25789315998554
28.45531218981021,77.18375992029907
28.45527622773179,77.1838303282857
28.44837806222082,77.18536052852869
28.45881401229404,77.18461755663157
28.45879986374971,77.18461353331804
28.44899269845141,77.1842822805047
28.8615558979645,77.0862653106451
28.8575122266853,77.08822902292013
28.70252823943538,77.02771537005901
28.8578825091314,77.09323570132256
28.68250777488038,77.03241225332022
28.62962184695797,77.03267343342304
28.6074561177297,77.08186782896519
28.5057390231017,77.23678484559059
28.61372873471382,77.1068723872304
28.51479999102659,77.22959082573652
28.757763163852,77.14932169765234
28.50538752848248,77.19673611223698
28.67076611764149,77.16002404689789
28.67097438857718,77.15954158455133
28.67097174106786,77.15954460203648
28.50548681920188,77.19679780304432
28.61439479746953,77.10723146796227
28.61420760571218,77.10724957287312
28.70738454839358,77.30972617864609
28.72391736372166,77.08590555936098
28.72839282411243,77.26231545209885
28.51362215340459,77.20802653580904
28.8011284711346,77.13851273059845
28.61421967311539,77.1070571243763
28.61421996744228,77.10698269307613
28.69542804775136,77.29947175830603
28.4989069128432,77.23830599337816
28.49887892114176,77.23815008997917
28.49887126025374,77.2381091862917
28.70612152981415,77.02778946608306
28.49287821291568,77.2458916157484
28.50821359457293,77.20048952847719
28.60686006570619,77.08145678043365
28.60686006570619,77.08145678043365
28.60861642263615,76.99548225849867
28.65849416931189,77.27351937443018
28.6250103198141,77.14046739041805
28.62500708255097,77.14047845453024
28.62500708255097,77.14047845453024
28.60861907171943,76.99545040726662
28.63363668291608,77.01689299196005
28.72123558264575,77.12339278310537
28.50894926678956,77.20104273408651
28.60725684540481,77.0814923197031
28.60726184929353,77.08150338381529
28.60725507932638,77.08148293197155
28.51078680449503,77.20227789133787
28.51321382543553,77.23511885851622
28.65463916010149,77.27500230073929
28.4866140112668,77.31059856712818
28.65492631212845,77.27571744471788
28.5088193386694,77.251289896667
28.71025988050392,77.17675331979989
28.52335615336092,77.19517070800066
28.52333700558388,77.19515729695559
28.52333199770316,77.19516400247812
28.74114192563856,77.1514768525958
28.49890072520457,77.23803408443928
28.85395556873318,77.08877954632044
28.51847011704478,77.1994823589921
28.6474768751716,77.03565403819084
28.64747952327432,77.03568890690804
28.74292307758902,77.14990306645632
28.74296482067706,77.14986819773914
28.84930166017475,77.08759300410748
28.61102146842545,77.08443034440279
28.74404690152572,77.14309260249138
28.73545755782544,77.19730474054813
28.73520737503785,77.1975253522396
28.50122489460641,77.29068115353584
28.50137781420096,77.29071769863367
28.62773164562429,77.03227948397398
28.51263432696765,77.23777022212744
28.50109967126665,77.28972796350718
28.50217658713221,77.2500678151846
28.542604,77.046051
28.78398550521012,77.09661059081554
28.563934,77.075813
28.56605322594456,77.17161856591702
28.6546218015009,77.27482125163078
28.50041049827376,77.29044243693352
28.705257,77.311554
28.49857160123662,77.23726529628038
28.658061,77.065414
28.59605990040668,76.99035320430994
28.542604,77.046051
28.58047173635645,77.07723062485456
28.63919387115699,77.18271855264902
28.542604,77.046051
28.542604,77.046051
28.64863026470088,77.16149691492319
28.6815277114423,77.06255357712509
28.542604,77.046051
28.5610142755133,77.25686687976122
28.542604,77.046051
28.65383889620444,77.27700155228376
28.65382300855053,77.27698680013418
28.63318644508736,77.00214084237814
28.705257,77.311554
28.568917,77.186861
28.59003263719439,77.08137799054384
28.542604,77.046051
28.705257,77.311554
28.542604,77.046051
28.7076236233025,77.10388071835041
28.542604,77.046051
28.7076874353322,77.10390217602253
28.6898438408071,77.30951830744743
28.542604,77.046051
28.607048,77.108787
28.542604,77.046051
28.542604,77.046051
28.51316256337103,77.2352422401309
28.568917,77.186861
28.50295119369054,77.3019890114665
28.542604,77.046051
28.568917,77.186861
28.60502155505179,77.07247037440538
28.658061,77.065414
28.542604,77.046051
28.59987349519535,77.06503864377737
28.566029,77.284478
28.542604,77.046051
28.542604,77.046051
28.566029,77.284478
28.568917,77.186861
28.59035264368872,77.08150003105402
28.672056,77.078453
28.58952303882528,77.0797348022461
28.72764163520087,77.20731843262911
28.74191506513835,77.10393134504557
28.74191506513835,77.10393134504557
28.5898813182369,77.081069201231
28.72764369326007,77.20729529857634
28.58989839314962,77.08189968019724
28.66079186743067,77.08482798188925
28.54153760709891,77.26296119391918
28.54153760709891,77.26296119391918
28.72020971924586,77.28130247443914
28.67118913077511,77.05827109515667
28.64818097391025,77.02425364404918
28.62114024759087,77.06898115575314
28.79268956201481,77.13957589119673
28.53893009772926,77.2627204656601
28.82078722702293,77.17312227934599
28.82096934943933,77.17318966984749
28.82096934943933,77.17318966984749
28.64931493661807,77.02805869281292
28.53656905763209,77.27583043277264
28.53657789395864,77.27583479136229
28.53657789395864,77.27583479136229
28.62213853386618,76.98818530887365
28.65477538088445,77.20082547515631
28.63446829359126,77.03949596732855
28.86154062915086,77.0862277597189
28.6165624890359,77.0080990344286
28.58457618522067,77.08777271211147
28.59024430673254,77.07306448370218
28.8595556642813,77.08764933049679
28.8595227769702,77.08763290196657
28.73813897403738,77.18463364988565
28.49855745801715,77.23728306591512
28.58442338635851,77.07323983311653
28.50966460513837,77.23235115408897
28.63399186917349,77.0420091971755
28.62797384520549,77.03846566379069
28.70103313079566,77.10905704647303
28.85754863834036,77.10655756294727
28.8583993166849,77.08806741982698
28.85144275414444,77.07009963691235
28.85197339563505,77.06705298274755
28.67062903513303,77.07906994968653
28.53991944498318,77.13111687451601
28.53991738323911,77.1311343088746
28.54080304586994,77.1300795301795
28.6624408246031,77.18486733734608
28.65690399151094,77.27568056434393
28.64650178035373,77.11360272020102
0.08789059053082422,0.0
28.84304580709918,77.08898775279523
28.64042474044376,77.06393323838711
28.7689102127566,77.07462586462498
28.62497824147482,77.05583464354277
28.76964082648282,77.09337450563908
28.7696328914457,77.09340065717697
28.76961349468573,77.09349788725376
28.76961349468573,77.09349788725376
28.73342315163342,77.00436741113663
28.73387119477921,77.0047901943326
28.63868186294558,77.06523846834898
28.63590873597842,77.07322273403406
28.64059864407234,77.06595093011855
28.60681149835527,76.98793049901724
28.66956178577951,77.29855846613646
28.58446195410766,77.24786203354597
28.72017031930439,77.28955395519733
28.72007593580213,77.28983324021102
28.72000184028267,77.28954758495094
28.50217982817568,77.25017443299294
28.60901084096932,77.04938426613808
28.54372064335854,77.25058011710644
28.543693252601,77.2505697235465
28.53890889101775,77.26274628192186
28.568917,77.186861
28.568917,77.186861
28.72309998789446,77.12872803211212
28.72318231380674,77.12844036519527
28.67529827031634,77.2908940538764
28.64796500764551,77.07215990871191
28.64802561947587,77.07223735749722
28.67040105416928,77.30299215763807
28.67046959559504,77.3031272739172
28.49803386291216,77.30246510356665
28.629953,77.09085
28.6017591938281,77.03332655131817
28.59949022855074,77.03106444329023
28.6133873133694,76.96497313678265
28.59797039475405,77.03961465507746
28.59794978868286,77.03965153545143
28.52085188918789,77.22883678972721
28.52209091969186,77.21116103231907
28.75855293384176,77.19410385936497
28.758442125387,77.19396002590656
28.50476290816401,77.27836143225431
28.629953,77.09085
28.568917,77.186861
28.568917,77.186861
28.67066,77.021072
28.67066,77.021072
28.658061,77.065414
28.57711557309058,77.23936513066292
28.57711557309058,77.23936513066292
28.672056,77.078453
28.658061,77.065414
28.658061,77.065414
28.67566566996118,77.20210086554289
28.667867,77.019649
17.4418495827077,78.50437603890896
28.60333990482361,77.03492447733879
28.672056,77.078453
28.65416782894261,77.27410141378641
28.65420784215701,77.27400753647089
28.71580800710845,77.16421768069267
28.62277128705622,77.28353407233953
28.6438653892908,77.28519335389137
28.62886730079556,77.30016175657511
28.658061,77.065414
28.60398896083165,77.03531976789236
28.73121230693786,77.27320689707994
28.73119731301762,77.2731864452362
28.68055587477546,77.292713932693
28.667181,77.019737
28.69134175627767,77.31631435453892
28.69132587430969,77.31632005423307
28.67066,77.021072
28.667874,77.02029
28.61501258676651,77.33817301690578
28.61491575390583,77.33798056840897
28.51558746742186,77.20515087246895
28.60851605176423,77.33986649662256
28.60873504263385,77.33991142362356
28.629953,77.09085
28.61255435836378,77.33939073979855
28.72090509636677,77.13658522814512
28.72091362316113,77.1365587413311
28.61458257754497,77.33746189624071
28.68196244659618,77.05489955842495
28.60860317721865,77.33818843960762
28.74439436439225,77.14290115982294
28.58745900768985,77.03715842217207
28.58746901735239,77.03715674579145
28.54274811984107,77.12898183614016
28.568917,77.186861
28.67365834025771,77.31070585548878
28.568917,77.186861
28.568917,77.186861
28.61378966064736,77.03272305428982
28.52356766242075,77.15564232319593
28.568917,77.186861
28.568917,77.186861
28.568917,77.186861
28.568917,77.186861
28.568917,77.186861
28.676536,77.108154
28.568917,77.186861
28.568917,77.186861
28.568917,77.186861
28.568917,77.186861
28.568917,77.186861
28.568917,77.186861
28.568917,77.186861
28.568917,77.186861
28.568917,77.186861
28.568917,77.186861
28.568917,77.186861
28.568917,77.186861
28.568917,77.186861
28.568917,77.186861
28.568917,77.186861
28.568917,77.186861
28.568917,77.186861
28.568917,77.186861
28.568917,77.186861
28.568917,77.186861
28.568917,77.186861
28.568917,77.186861
28.70112341431914,77.18369487673044
28.70116782084445,77.18365263193846
28.568917,77.186861
28.568917,77.186861
28.568917,77.186861
28.568917,77.186861
28.568917,77.186861
28.568917,77.186861
28.568917,77.186861
28.62528842977601,77.05602172762156
28.62309531407382,77.03973099589348
28.62313681064963,77.03971825540066
28.6231288644981,77.0397075265646
28.69310552206259,77.10390854626894
28.71585270144264,77.17565394937992
28.59645789839488,77.03811161220074
28.73828037780635,77.00668718665838
28.72255251892893,77.10318200290202
28.73939866615283,77.18527402728796
28.84929490586535,77.08764296025038
28.48000964686251,77.18440230935812
28.48024982887947,77.18431212008
28.60699369939222,77.07435294985771
28.59129882094637,77.03422542661428
28.68967060710325,77.31408711522818
28.61239571353434,77.05437920987606
28.52981258547142,77.24529448896646
28.67390690529835,77.1863130480051
28.72327375429761,77.15798623859882
28.72328169285734,77.15797014534473
28.72357571316398,77.15756446123123
28.75227105510931,77.1492301672697
28.75221344301833,77.1492201089859
28.75818171035923,77.18465309590101
28.7970886218244,77.13694766163826
28.6428146395193,77.06961952149868
28.68201539121426,77.07928419113159
28.68202215635795,77.07929190248251
28.68189450096378,77.07939181476831
28.73251618177427,77.19066124409436
28.6375875105807,77.06483043730259
28.5184,77.1993
28.7392228687251,77.19594519585371
28.60900995794486,77.29366075247526
28.71733260239172,77.12925139814615
28.64217170846775,77.31475599110126
28.71839995288276,77.12888695299624
28.71860754099656,77.12950821965931
28.72983021125202,77.28758856654167
28.66132642070619,77.00685784220695
28.71492117347571,77.12679985910654
28.71448686924872,77.11733534932135
28.74327142608703,77.12404020130634
28.73109206151703,77.11751136928797
28.73105942765037,77.1174181625247
28.59461331810236,77.04744804650545
28.59702251129847,77.04891186207533
28.60149573968367,77.03861117362976
28.60154283767975,77.03885190188885
28.56909438315762,77.24766489118338
28.65483951933438,77.27568794041872
28.60128909697632,77.08398409187794
28.59699690066414,77.04886894673109
28.65401660239151,77.27702032774687
28.5106123915167,77.2005582600832
28.4990648448301,77.23230924457312
28.50948194094707,77.24941536784172
28.68968295994052,77.30970706790686
28.53889121875491,77.26274762302637
28.5436911909308,77.25054055452347
28.65467770206884,77.2008066996932
28.57139433243315,77.25524716079235
28.58959752100563,77.07969523966312
28.73581151693886,77.26285725831985
28.72838253388985,77.26232517510653
28.70398392067462,77.2616670280695
28.70516227245425,77.26418126374483
28.7007102268723,77.26413633674383
28.54160829435677,77.26296320557594
28.62792175615682,77.0309229567647
28.7373390543108,77.19578962773085
28.50833645248458,77.33527824282646
28.62808744044229,77.03130651265383
28.70349957807397,77.26085264235735
28.62216678711323,76.98819871991873
28.6068088492264,76.98606066405773
28.68162624764683,77.06253346055746
28.54898660505968,77.26740930229425
28.627159,77.374755
28.627159,77.374755
28.627159,77.374755
28.627159,77.374755
28.705257,77.311554
28.705257,77.311554
28.568917,77.186861
17.44189020501003,78.50433815270662
28.627159,77.374755
28.563934,77.075813
28.704776,77.181167
28.627159,77.374755
17.44186205727394,78.5043689981103
28.627159,77.374755
17.44188860570696,78.50431937724352
28.627159,77.374755
28.627159,77.374755
17.44187005379033,78.50436296314001
17.4418425457725,78.5043542459607
28.627159,77.374755
28.627159,77.374755
28.627159,77.374755
28.568917,77.186861
17.44183103078708,78.5043877735734
17.44186269699527,78.50437670946121
28.704776,77.181167
28.627159,77.374755
17.44184638410082,78.50434552878141
28.627159,77.374755
28.705257,77.311554
28.568917,77.186861
28.704776,77.181167
17.44184638410082,78.50435860455036
28.704776,77.181167
17.44183678827988,78.50438140332699
28.627159,77.374755
28.627159,77.374755
28.704776,77.181167
28.627159,77.374755
17.44184606424014,78.50438006222248
28.704776,77.181167
28.627159,77.374755
28.568917,77.186861
28.704776,77.181167
28.705257,77.311554
28.568917,77.186861
28.627159,77.374755
28.627159,77.374755
28.627159,77.374755
28.65286,77.307647
28.5011839392246,77.2907130047679
28.52347840447093,77.15759195387363
28.5229994149741,77.15689726173878
28.73380475280671,77.12195914238691
28.52298056171446,77.15673599392176
28.50079648284736,77.1834896877408
28.49809308792491,77.30231456458569
28.6820215680846,77.04116061329842
28.49697370009644,77.18494713306427
28.63394919980264,77.04191531985998
28.71416312470794,77.21305936574936
17.44184734368288,78.50438073277473
28.59198533875306,77.16230995953083
28.53655727586221,77.2758250683546
17.44185342103586,78.50436463952065
28.50120544816811,77.18365263193846
17.44185917852796,78.50431401282549
17.44184510465806,78.50430563092232
17.44197304888992,78.50435022264719
17.44185214159315,78.50428216159344
28.53946880567729,77.27884959429502
17.44182847190133,78.50433748215437
17.44183167050852,78.50433815270662
17.44191227539097,78.50442364811897
17.44185150187178,78.50437067449093
17.44185246145383,78.50426439195871
17.44186653532315,78.50435022264719
17.44187165309356,78.50431535393
17.44187517156061,78.50427411496639
28.59953497250146,77.05194443464279
17.44184286563321,78.50437436252832
28.61396802332211,77.10668865591288
17.44190875692463,78.50425634533167
17.44187229281485,78.50417956709862
28.70323343865351,77.18248654156923
17.44187485169998,78.50432574748993
17.44190267957351,78.50428752601147
17.44186365657724,78.50439850240946
17.4408983145525,78.50449405610561
17.44184510465806,78.50438341498375
17.44193146702442,78.50443068891764
17.44186237713461,78.50438609719276
17.44193946353775,78.50444108247757
17.44183422939422,78.50430462509394
17.44183934716551,78.50430998951197
17.44188892556758,78.50432138890028
17.44194490116662,78.50444577634335
17.44184542451876,78.50435558706522
17.44184606424014,78.50431200116873
17.44196985028522,78.50413899868727
17.44184990256837,78.50433312356472
17.44186845448707,78.5042791441083
17.44201335130437,78.50424829870462
17.44202038823295,78.50425064563751
17.44191771302066,78.50427277386189
17.44195161823734,78.50428283214569
17.44184478479736,78.5043616220355
17.44190939664579,78.5044202953577
28.54013092080334,77.25761689245701
28.70070199251516,77.26410616189241
28.7007040511045,77.2641135379672
17.44202006837257,78.50437872111797
17.44203830041361,78.50428484380245
17.44184510465806,78.50433882325888
17.44184094646902,78.50435022264719
17.44186333671659,78.5043304413557
17.4418495827077,78.50434117019176
17.44186045797062,78.50433547049761
17.44183614855847,78.50434117019176
17.44207892267391,78.50452624261379
17.441837747862,78.50433949381114
17.44183710814059,78.50434049963951
17.44183710814059,78.50434184074402
17.44183966702622,78.50434485822916
17.4418495827077,78.50433513522148
17.44185502033923,78.50434485822916
17.44185917852796,78.50433245301247
17.44195129837684,78.50436363369228
17.44185150187178,78.5043505579233
17.44187613114252,78.504339158535
28.70747159172011,77.0748857036233
28.52598525741841,77.28234048932791
28.6471161441078,77.27889686822891
17.44183358967279,78.50435592234135
17.44185917852796,78.50433278828858
17.44185342103586,78.5043552517891
17.44185693950328,78.50432675331831
17.441837747862,78.50435189902782
17.44183966702622,78.50435391068459
17.44183422939422,78.50435558706522
17.44185757922461,78.50433312356472
17.44186653532315,78.50432474166155
17.44184542451876,78.5043341293931
17.4418425457725,78.50435692816971
17.4418470238222,78.5043579339981
17.44184830326496,78.50435893982649
17.44184030674762,78.50435893982649
17.44183710814059,78.50435726344585
17.44183998688692,78.50435592234135
17.44185118201111,78.50434686988591
17.44183710814059,78.50435256958008
17.44183358967279,78.50435625761747
17.44183710814059,78.50435223430395
17.441837747862,78.5043565928936
17.44184542451876,78.5043579339981
17.4418374280013,78.5043565928936
17.44183454925493,78.50435558706522
17.44182751231916,78.5043505579233
17.44183007120493,78.50435223430395
17.44182847190133,78.50435022264719
17.44183422939422,78.5043552517891
17.44183167050852,78.5043552517891
17.44183518897635,78.5043565928936
17.44183103078708,78.5043542459607
17.44184158619041,78.5043579339981
17.44183231022994,78.5043565928936
17.44183422939422,78.50435625761747
17.44183103078708,78.50435927510262
17.44183518897635,78.50435625761747
17.44183294995137,78.50435625761747
17.44183358967279,78.50435692816971
17.44183294995137,78.50435625761747
17.44183039106565,78.50435122847557
17.44183422939422,78.50435491651297
17.44182879176205,78.50435324013235
17.44183231022994,78.50435357540846
17.44183358967279,78.50435726344585
17.4418431854939,78.50435994565487
17.44182943148349,78.50435391068459
17.44183582869777,78.5043552517891
17.44182719245844,78.50434619933367
17.44183454925493,78.50435726344585
17.44183550883706,78.50435860455036
17.44184158619041,78.50435961037874
17.44183326981208,78.5043579339981
17.44182847190133,78.50435592234135
17.44182751231916,78.50435625761747
17.44182719245844,78.50435324013235
17.44182239454753,78.50435726344585
17.44183550883706,78.50435592234135
28.63096112360898,77.03526813536882
28.79711741548626,77.0467533543706
28.6612902347422,77.00941700488329
28.66122551184861,77.01076984405518
17.44183806772271,78.5043565928936
17.44183071092637,78.50435122847557
17.44183518897635,78.50435625761747
28.72380181421738,77.28917475789785
28.68345547456071,77.17126853764057
28.6834501801729,77.17130240052938
17.44184030674762,78.50435726344585
28.73800433160134,77.11041525006294
28.70608036015102,77.0277613028884
17.44188284821579,78.50438609719276
17.44187932974888,78.50437972694635
28.60826321093164,76.99657056480646
28.60705227445652,77.03438367694616
28.60707287874276,77.03464854508638
28.61687446811717,77.03236296772957
28.61685710326815,77.03244846314192
28.62189161193574,77.03249473124743
28.71254997393981,77.12928090244532
28.53655315224243,77.27581802755594
28.62156346091494,77.03970316797495
28.74213230748898,77.10401684045792
28.67305942845937,77.31215994805098
28.67361598118605,77.31072630733252
28.67401633256122,77.31077190488577
28.71412284034892,77.13094789534807
28.60663312352834,77.03479539602995
28.60663842179488,77.03461837023497
28.73084451427383,77.1352270245552
28.6532695871037,77.1335281804204
28.68204627556244,77.07930900156498
28.6393936713847,77.28388980031013
28.63938984605256,77.28389114141464
28.67790445612063,77.20842014998198
28.67037752062218,77.25981999188662
28.67038840488838,77.25992828607558
28.68438228243384,77.16415397822857
28.68355459721622,77.16392196714878
28.65067808832505,77.16448422521353
28.5905704948387,77.04371742904186
28.59056401818941,77.04369965940714
28.54366438921439,77.03290678560734
28.5436959033198,77.03286487609148
28.50967108676516,77.23237831145525
28.52027832448791,77.20288071781397
28.6820398045569,77.0414774492383
28.68241306326779,77.04122733324766
28.68244630058257,77.04117368906736
28.67997082710686,77.2982919216156
28.68007524761912,77.29800626635551
28.78354032174623,77.05907844007015
28.63810629211101,77.06556301563978
28.73158333227877,77.12964668869972
28.50152601929982,77.28719729930162
28.50306404004436,77.2811334952712
28.6053235604512,77.05412473529577
28.73692277613194,77.13978610932827
28.66822094276687,77.17990357428789
28.53388484187068,77.3091645911336
28.51836966016651,77.19934891909361
28.60837947658215,77.09207933396101
28.500456462923,77.29036197066307
28.59243104302494,77.16260399669409
28.5926644923947,77.1625691279769
28.53049272951133,77.26201135665178
28.55631139084724,77.2372290864587
28.52277347021863,77.23515909165144
28.55440161220449,77.18232125043869
28.50784501997942,77.2305641323328
28.60662488177984,77.30179253965616
28.59055400882152,77.03421771526337
28.59075478478338,77.03435584902763
28.48639005136729,77.31354765594006
28.73120701496625,77.27324612438679
28.72817320114171,77.04705644398928
28.68853119865571,77.25433085113764
28.7142592778233,77.25777950137852
28.53220794550825,77.26577885448933
28.72808058890732,77.0470879599452
28.712543,77.123276
28.708321,77.258086
28.7981025,77.080616
28.72842,77.04717
28.6971921,77.2166152
28.6754883,77.2917404
28.7378801,77.0899587
28.739014,77.1493044
28.726506,77.1583246
28.7926999,77.0727241
28.7264561,77.0834144
28.6539425,77.2017582
28.5841269,77.0719511
28.61175,77.05972
28.5079196,77.1850728
28.73396,77.26943
28.6260376,77.1221717
28.5360962,77.2231022
28.54488,77.20691
28.54488,77.20691
28.54488,77.20691
28.6962,77.155
28.51885,77.29428
28.51885,77.29428
28.568238,77.219666
28.59074,77.29687
28.59074,77.29687
28.5984216,77.033075
28.5984216,77.033075
28.5984216,77.033075
28.568238,77.219666
28.568238,77.219666
28.568238,77.219666
28.5435,77.2576
28.5435,77.2576
28.61,76.93
28.61,76.93
28.61,76.93
28.64,77.1
28.64,77.1
28.62,77.24
28.62,77.24
28.61,77.03
28.61,77.03
28.61,77.03
28.65,77.15
28.65,77.15
28.65,77.15
28.55,77.16
28.55,77.16
28.55,77.16
28.54081331439584,77.11672877448487
28.61657905578613,77.0771713256836
28.65999984741211,77.11609649658203
28.61079978942871,77.07469940185547
28.62619972229004,77.04820251464844
28.6030445098877,77.08079528808594
28.64249992370605,77.13069915771484
28.66252517700195,77.06646728515625
28.59976768493652,77.09593200683594
28.62159919738769,77.09529876708984
28.63979911804199,77.04450225830078
28.62090682983398,77.07884216308594
28.73240089416504,77.16190338134766
28.6702995300293,77.11869812011719
28.62178802490234,77.07942962646484
28.6161003112793,77.32849884033203
28.69560050964355,77.28479766845703
28.72800064086914,77.17050170898438
28.71773910522461,77.30813598632812
28.72879981994629,77.14550018310547
28.65929985046387,77.06390380859375
28.69339942932129,77.14320373535156
28.61540031433105,77.31880187988281
28.62380027770996,77.02629852294922
28.62199974060059,77.0801010131836
28.76370048522949,77.17389678955078
28.62899971008301,77.08280181884766
28.67309951782227,77.2573013305664
28.61840057373047,77.07740020751953
28.7096996307373,77.04920196533203
28.68779945373535,77.16059875488281
28.66309928894043,77.19760131835938
28.71730041503906,77.2885971069336
28.70816421508789,77.27167510986328
28.69490051269531,77.29920196533203
28.63920021057129,77.10099792480469
28.6776008605957,77.25569915771484
28.6732006072998,77.2573013305664
28.76689910888672,77.18620300292969
28.70170021057129,77.26589965820312
28.73660087585449,77.16699981689453
28.63599967956543,77.05079650878906
28.68530082702637,77.05989837646484
28.63369941711425,77.05829620361328
28.67700004577637,77.25450134277344
28.65143013000488,77.26709747314453
28.6205005645752,77.06580352783203
28.74130058288575,77.12339782714844
28.67900085449219,77.25330352783203
28.68569946289062,77.27760314941406
28.60602569580078,77.10355377197266
28.67840003967285,77.25299835205078
28.76309967041016,77.17420196533203
28.68819999694824,77.27519989013672
28.70420074462891,77.18399810791016
28.68140029907227,77.11940002441406
28.6333999633789,77.06529998779297
28.60470008850098,77.30950164794922
28.75270080566406,77.1989974975586
28.62190055847168,77.32769775390625
28.61800003051758,77.30590057373047
28.65870094299316,77.10929870605469
28.63199996948243,77.06629943847656
28.66010093688965,77.23480224609375
28.52179908752441,77.30979919433594
28.63109970092773,77.1395034790039
28.69160079956055,77.25430297851562
28.67740058898926,77.26640319824219
28.6875,77.27670288085938
28.58349990844727,77.07559967041016
28.68829917907715,77.17359924316406
28.6742992401123,77.07080078125
28.6776008605957,77.26689910888672
28.65629959106445,77.1239013671875
28.70529937744141,77.25550079345703
28.64545822143555,77.09539031982422
28.58729934692383,77.05750274658203
28.54010009765625,77.30989837646484
28.75180053710937,77.11080169677734
28.69039916992188,77.14129638671875
28.67340087890625,77.18319702148438
28.71616554260254,77.12406921386719
28.64430046081543,77.28489685058594
28.57640075683594,77.28710174560547
28.73769950866699,77.2594985961914
28.64019966125488,77.11329650878906
28.62820053100586,77.01640319824219
28.67300033569336,77.07620239257812
28.72750091552734,77.1686019897461
28.74629974365234,77.1698989868164
28.55270004272461,77.30220031738281
28.67970085144043,77.29049682617188
28.6813850402832,77.32102966308594
28.67340087890625,77.19080352783203
28.69099998474121,77.26750183105469
28.6215991973877,77.08429718017578
28.70059967041016,77.1812973022461
28.60390090942383,77.08270263671875
28.69519996643066,77.26000213623047
28.69169998168945,77.28019714355469
28.7411994934082,77.17259979248047
28.66749954223633,77.18240356445312
28.8129997253418,77.05169677734375
28.62390327453613,77.01180267333984
28.53750038146973,77.25550079345703
28.61759948730469,77.32559967041016
28.6107006072998,77.31559753417969
28.57819938659668,77.28720092773438
28.64279937744141,77.23179626464844
28.63859939575195,77.11327362060547
28.62349700927734,77.33273315429688
28.59664916992188,77.1220703125
28.65815353393555,77.19441986083984
28.76656913757324,77.1565170288086
28.62369918823242,77.32980346679688
28.58421516418457,77.0767822265625
28.63990783691406,77.31968688964844
28.64144897460937,77.11560821533203
28.7465644,77.1571443
28.64215087890625,77.31607055664062
28.63515472412109,77.01934814453125
28.66970825195312,77.1750717163086
28.74739837646484,77.11251831054688
28.50960350036621,77.32807922363281
28.66628837585449,77.19422912597656
28.68440055847168,77.36409759521484
28.67904853820801,77.2726821899414
28.66887474060058,77.05670166015625
28.53753662109375,77.31413269042969
28.73970031738281,77.16310119628906
28.67693901062012,77.31785583496094
28.66950035095215,77.306396484375
28.66799926757812,77.3010025024414
28.67180061340332,77.27770233154297
28.68904304504395,77.16971588134766
28.70759201049805,77.1366958618164
28.61530685424805,77.04732513427734
28.61090087890625,77.07859802246094
28.66449928283692,77.29010009765625
28.57699966430664,77.22109985351562
28.66799926757812,77.06079864501953
28.65119934082031,77.06839752197266
28.64415740966797,77.06076049804688
28.5846875,77.31592959999999
28.61488914489746,77.04806518554688
28.676867,77.0638218
28.69167709350586,77.26705169677734
28.7036073,77.25093249999999
28.620262565818,77.29969433469584
28.6854273,77.063462
28.597062,77.34823519999999
28.52846,77.25477
28.55001,77.39704
28.62197,77.03626
28.6469,77.05299
28.68419,77.14033
28.68434332586197,77.14036159746598
28.73535005060121,77.26069359765621
28.6779660549268,77.09378414232773
28.65273,77.10151
28.6526,77.10161
28.68233,77.06481
28.62016,77.04502
28.64503,77.16927
28.6699,77.26665
28.65808,77.3332
28.67005,77.18186
28.66931,77.16844
28.67921,77.32111
28.4162,77.09097
28.4162,77.09097
28.61171,77.06976
28.41431,77.08788
28.62027,77.05952
28.61329,77.06907
28.62134,77.05668
28.59299,77.30516
28.41195,77.03823
28.73954,77.15858
28.63907,77.10859
28.41199,77.03823
28.4162,77.09097
28.68659,77.14664
28.6344,77.04688
28.67155,77.17979
28.62106,77.04046
28.67462,77.18018
28.73816,77.15496
28.55349,77.29929
28.73501,77.16361
28.68778,77.14704
28.67368,77.12459
28.52349,77.24159
28.70932,77.21384
28.66852,77.18486
28.59825,77.09746
28.66913,77.19565
28.6137,77.31483
28.66246,77.07228
28.6828,77.14205
28.74807,77.18275
28.6106,77.3234
28.73243,77.1442
28.62729,77.29474
28.68952,77.25606
28.68069,77.13434
28.53284,77.06026
28.6118244829389,77.09295322303194
28.52,77.21
28.61,77.3
28.68,77.1
28.68,77.1
28.6914,77.1893
28.6336,77.09
28.6742,77.143
28.66193,77.061752
28.59109,77.08861
28.6526901,77.1104471
28.647521,77.119354
28.64389,77.127124
28.659159,77.129267
28.65116,77.1586
28.65116,77.1586
28.6332,77.08785
28.6332,77.08785
28.62421,77.06497
28.62421,77.06497
28.64273,77.17751
28.64273,77.17751
28.6166,77.02406
28.6166,77.02406
28.62143,77.05544
28.62143,77.05544
28.6295,77.10985
28.6295,77.10985
28.6295,77.10985
28.6087,77.06639
28.6087,77.06639
28.6087,77.06639
28.600735,77.226277
28.588117,77.217564
28.580532,77.221048
28.584365,77.22054
28.577259,77.19692
28.630256,77.225668
28.63363,77.221949
28.633867,77.22191
28.6001517,77.2157617
28.631584,77.2219
28.634422,77.220852
28.633841,77.217664
28.634388,77.221038
28.63491,77.219522
28.633614,77.207691
28.600234,77.2135299
28.601118,77.2136033
28.59031055,77.2201632
28.601809,77.186432
28.633733,77.22353
28.632973,77.222937
28.577999,77.209521
28.627546,77.219769
28.62203994,77.19486661
28.583518,77.222057
28.586638,77.193352
28.61817712,77.21258998
28.61817712,77.21258998
28.61817712,77.21258998
28.61817712,77.21258998
28.63388,77.221078
28.634137,77.220382
28.628528,77.21946
28.634371,77.2195
28.63242,77.218068
28.626695,77.231943
28.617517,77.213919
28.6285,77.217046
21.0870127,79.0636227
21.0870127,79.0636227
13.074043,80.195354
13.074043,80.195354
13.084713,80.219897
13.084713,80.219897
13.088249,80.285359
13.088249,80.285359
13.088249,80.285359
13.088249,80.285359
13.088249,80.285359
28.55667773,77.2326006
28.55667773,77.2326006
28.55667773,77.2326006
28.55667773,77.2326006
13.079097,80.261538
13.079097,80.261538
13.079097,80.261538
13.079097,80.261538
28.558938,77.19631
28.546273,77.19711
28.55205918,77.20325422
28.63407,77.217683
28.585492,77.191634
22.611245,88.466586
22.611245,88.466586
22.577346,88.478575
22.577346,88.478575
22.577346,88.478575
22.577346,88.478575
22.579022,88.460325
22.579022,88.460325
13.003498,80.201548
22.607778,88.463918
22.607778,88.463918
22.5785762,88.4524698
22.5785762,88.4524698
8.481159,76.912456
8.481159,76.912456
8.481159,76.912456
8.481159,76.912456
28.558244,77.16444
28.58107736,77.22719863
28.58107736,77.22719863
28.58107736,77.22719863
28.58107736,77.22719863
22.5699872,88.5169628
28.56793,77.242612
28.569119,77.244011
9.977164,76.27777
9.977164,76.27777
9.977164,76.27777
9.977164,76.27777
8.4927752,76.9572956
8.4927752,76.9572956
8.4927752,76.9572956
8.4927752,76.9572956
22.5791553,88.4687647
15.51047222,73.83722222
15.51047222,73.83722222
15.51047222,73.83722222
22.617907,88.466368
21.163948,81.788547
21.163948,81.788547
21.163948,81.788547
21.163948,81.788547
13.1088044,80.2818824
13.1088044,80.2818824
13.1088044,80.2818824
13.1088044,80.2818824
28.3963,76.933327
28.59566102,77.18169261
28.59566102,77.18169261
28.59566102,77.18169261
9.004949,76.536378
9.004949,76.536378
9.004949,76.536378
23.0368001,72.5638953
23.0368001,72.5638953
23.0368001,72.5638953
23.0368001,72.5638953
23.006035,72.5972489
23.006035,72.5972489
23.006035,72.5972489
23.006035,72.5972489
13.152457,77.568071
15.495335,73.834876
15.495335,73.834876
15.495335,73.834876
9.8492024,76.97756175
9.8492024,76.97756175
9.8492024,76.97756175
21.04934,79.0458793
21.04934,79.0458793
21.04934,79.0458793
21.04934,79.0458793
13.075588,80.232113
13.075588,80.232113
13.075588,80.232113
13.075588,80.232113
10.9919033,76.5323938
10.9919033,76.5323938
10.9919033,76.5323938
12.2533617,75.1194568
12.2533617,75.1194568
12.2533617,75.1194568
15.5882516,73.8138556
15.5882516,73.8138556
15.5882516,73.8138556
21.1160503,79.010341
21.1160503,79.010341
21.1160503,79.010341
21.1160503,79.010341
10.60165,76.214872
10.60165,76.214872
10.60165,76.214872
21.0964666,79.0642087
21.0964666,79.0642087
21.0964666,79.0642087
21.0964666,79.0642087
21.1037019,79.0662435
21.1037019,79.0662435
21.1037019,79.0662435
21.1037019,79.0662435
21.1095651,79.0675858
21.1095651,79.0675858
21.1095651,79.0675858
21.1095651,79.0675858
21.118373,79.0699563
21.118373,79.0699563
21.118373,79.0699563
21.118373,79.0699563
21.1298223,79.0663539
21.1298223,79.0663539
21.1298223,79.0663539
21.1298223,79.0663539
21.159562,79.071695
21.06624,79.0553215
21.06624,79.0553215
21.06624,79.0553215
21.06624,79.0553215
21.0788956,79.0582364
21.0788956,79.0582364
21.0788956,79.0582364
21.0788956,79.0582364
28.55446993,77.19563012
28.55446993,77.19563012
28.55446993,77.19563012
28.55446993,77.19563012
28.59211693,77.04188313
28.59211693,77.04188313
28.59211693,77.04188313
28.59193441,77.05855004
28.59193441,77.05855004
28.59193441,77.05855004
28.610622,77.094787
28.610622,77.094787
28.610622,77.094787
28.610622,77.094787
29.95217,78.172495
29.95217,78.172495
29.95217,78.172495
28.53550427,77.29138121
28.53550427,77.29138121
28.53550427,77.29138121
28.53550427,77.29138121
28.5476707,77.2507293
28.5476707,77.2507293
28.5476707,77.2507293
28.5476707,77.2507293
28.5791538,77.188127
28.5791538,77.188127
28.5791538,77.188127
28.5791538,77.188127
13.082101,80.273733
13.082101,80.273733
13.082101,80.273733
13.082101,80.273733
28.7131125,77.136489
11.58662955122546,75.59317671106565
11.58662955122546,75.59317671106565
11.58662955122546,75.59317671106565
11.785595,75.48427
11.785595,75.48427
11.785595,75.48427
9.14914651813378,76.51290247068346
9.14914651813378,76.51290247068346
9.14914651813378,76.51290247068346
28.5763216,77.0696494
28.5763216,77.0696494
28.5763216,77.0696494
28.5763216,77.0696494
28.7009587,77.1144953
28.561335,77.269157
28.561335,77.269157
28.561335,77.269157
28.5217875,77.1837605
28.5217875,77.1837605
28.5217875,77.1837605
28.5217875,77.1837605
28.548602,77.2549629
28.548602,77.2549629
28.548602,77.2549629
28.548602,77.2549629
28.5386656,77.2669861
28.5386656,77.2669861
28.5386656,77.2669861
28.5386656,77.2669861
28.6201049,77.2479307
28.6201049,77.2479307
28.6201049,77.2479307
28.6201049,77.2479307
28.6201049,77.2479307
28.6400192,77.2562301
28.6400192,77.2562301
28.6400192,77.2562301
28.6400192,77.2562301
28.6400192,77.2562301
30.3250296,78.0377777
30.3250296,78.0377777
30.3250296,78.0377777
30.3250296,78.0377777
21.1278904,79.0736082
21.1278904,79.0736082
21.1278904,79.0736082
21.1278904,79.0736082
21.127807,79.0802034
21.127807,79.0802034
21.127807,79.0802034
21.127807,79.0802034
21.1361734,79.0595638
21.1361734,79.0595638
21.1361734,79.0595638
21.1361734,79.0595638
21.118847,79.0175544
21.118847,79.0175544
21.118847,79.0175544
21.118847,79.0175544
21.1214416,79.0271104
21.1214416,79.0271104
21.1214416,79.0271104
21.1156749,79.0402276
21.1156749,79.0402276
21.1156749,79.0402276
21.1156749,79.0402276
21.1484721,79.1265229
21.1484721,79.1265229
21.1484721,79.1265229
21.1484721,79.1265229
21.148067,79.1353223
21.148067,79.1353223
21.148067,79.1353223
21.148067,79.1353223
21.12869,79.0435293
21.12869,79.0435293
21.12869,79.0435293
21.12869,79.0435293
28.601013,77.2133
28.60137,77.21298
28.60137,77.21298
28.60137,77.22282
28.60137,77.22282
28.590322,77.22021
28.627291,77.23179
28.627291,77.23179
28.627291,77.23179
28.600324,77.226883
28.585298,77.191008
28.585367,77.17755
28.38237,76.92048
23.8148539,86.7561219
23.8148539,86.7561219
23.8148539,86.7561219
10.97513512497473,76.22121994576403
10.97513512497473,76.22121994576403
10.97513512497473,76.22121994576403
28.600277,77.21565
9.63628,76.3352
9.63628,76.3352
9.63628,76.3352
23.002252,72.601484
23.002252,72.601484
23.002252,72.601484
23.002252,72.601484
28.62575342,77.19453
28.547217,77.244324
28.547217,77.244324
13.024264,80.228814
13.024264,80.228814
13.024264,80.228814
13.024264,80.228814
22.585419,88.456742
22.585419,88.456742
22.585419,88.456742
22.585419,88.456742
22.585419,88.456742
21.086309,79.06393
21.086309,79.06393
21.086309,79.06393
21.086309,79.06393
21.1107939,78.9995071
21.1107939,78.9995071
21.1107939,78.9995071
21.1107939,78.9995071
21.1233003,79.0397077
21.1233003,79.0397077
21.1233003,79.0397077
21.1233003,79.0397077
28.53362,77.24257
28.53362,77.24257
28.53362,77.24257
13.094889,80.285748
13.094889,80.285748
13.094889,80.285748
13.094889,80.285748
28.599304,77.0648046
28.599304,77.0648046
28.599304,77.0648046
28.599304,77.0648046
21.1406793,79.0756882
21.1406793,79.0756882
21.1406793,79.0756882
21.1406793,79.0756882
28.58315,77.18098
28.58315,77.18098
28.58315,77.18098
28.58315,77.18098
28.6057202,77.1038872
13.031759,80.241923
13.031759,80.241923
22.5940452,88.4722018
22.5940452,88.4722018
22.5940452,88.4722018
22.5940452,88.4722018
22.5940452,88.4722018
21.154399,79.0793023
21.154399,79.0793023
21.154399,79.0793023
21.154399,79.0793023
13.084787,80.202009
13.084787,80.202009
13.084787,80.202009
13.084787,80.202009
13.0784806,80.2245795
13.0784806,80.2245795
13.0784806,80.2245795
13.0784806,80.2245795
28.572793,77.208662
28.572793,77.208662
28.572793,77.208662
28.572793,77.208662
21.138293,79.0679356
21.138293,79.0679356
21.138293,79.0679356
21.138293,79.0679356
28.592788,77.2567
21.161505,81.796858
21.161505,81.796858
21.161505,81.796858
21.161505,81.796858
13.078481,80.24948
13.078481,80.24948
13.078481,80.24948
13.078481,80.24948
28.572632,77.16968
28.572632,77.16968
